hot-points_range=100,3019,3000,2949,2973,2967,2919,2995,2992
point-query_range=100,16940,16778,16598,16722,16368,16251,16148,16019
points-covered-pk_range=100,2018,2017,1998,1990,1975,1965,2001,1985
points-covered-si_range=100,2232,2235,2199,2198,2193,2201,2204,2206
points-notcovered-pk_range=100,1939,1911,1917,1897,1890,1875,1905,1903
points-notcovered-si_range=100,1228,1233,1222,1220,1208,1214,1226,1223
random-points_range=1000,219,218,214,220,216,216,217,220
random-points_range=100,1947,1931,1908,1911,1903,1892,1925,1914
random-points_range=10,8774,8649,8587,8606,8508,8518,8556,8466
range-covered-pk_range=100,9073,8963,8766,8825,8762,8776,8608,8553
range-covered-si_range=100,9837,9759,9426,9610,9606,9487,9395,9259
range-notcovered-pk_range=100,7978,7879,7766,7745,7855,7717,7674,7644
range-notcovered-si_range=100,2241,2236,2231,2218,2211,2227,2234,2220
read-only-count_range=1000,3163,3131,3056,3110,3082,3071,3092,3082
read-only-distinct_range=1000,7412,7376,7271,7346,7263,7363,7286,7266
read-only-order_range=1000,9861,9798,9556,9598,9707,9750,9585,9388
read-only_range=10000,472,470,470,473,476,478,475,475
read-only_range=100,12989,12913,12813,12874,12671,12705,12663,12534
read-only_range=10,15808,15648,15564,15589,15291,15357,15276,15088
read-only-simple_range=1000,11734,11620,11550,11632,11485,11592,11555,11434
read-only-sum_range=1000,13489,13345,13042,13315,12999,13064,12807,12699
scan_range=100,4540,4557,4479,4497,4518,4480,4485,4439
scan.warm_range=100,4532,4546,4480,4341,4549,4445,4467,4462
delete_range=100,8390,8279,8256,8130,8093,8044,8060,7981
insert_range=100,8201,7791,8046,7610,8219,7866,8215,7779
read-write_range=100,11843,11845,11623,11751,11505,11625,11513,11514
read-write_range=10,13547,13625,13371,13525,13155,13328,13239,13174
update-index_range=100,3430,3636,3310,3551,3317,3553,3333,3560
update-inlist_range=100,4338,4370,4309,4290,4258,4281,4293,4250
update-nonindex_range=100,7834,7706,7699,7613,7565,7493,7547,7484
update-one_range=100,8010,7892,7869,7773,7770,7725,7752,7666
update-zipf_range=100,7847,7751,7757,7644,7599,7549,7592,7508
write-only_range=10000,11869,11957,11747,11784,11702,11826,11717,11752
